MSOA11CD,active_commuters,prop_car,prop_pt,prop_active
E02000166,3479,0.20810577752227652,0.5481460189709687,0.23627479160678355
E02000167,3627,0.20099255583126552,0.6203473945409429,0.16432313206506755
E02000168,4044,0.13402571711177053,0.6078140454995055,0.24925816023738873
E02000169,3076,0.24512353706111834,0.6053315994798439,0.13296488946684004
E02000170,4613,0.16843702579666162,0.7075655755473661,0.11684370257966616
E02000171,3783,0.15543219666931007,0.605604017975152,0.2281258260639704
E02000172,3953,0.14748292436124463,0.5595750063243107,0.28484695168226665
E02000173,3843,0.14077543585740307,0.6599011189175124,0.19151704397606037
E02000174,4259,0.1171636534397746,0.6208030054003287,0.25498943413946934
E02000175,5217,0.11980065171554534,0.7676825761932144,0.10580793559516964
E02000176,3501,0.1331048271922308,0.7086546700942588,0.15109968580405597
E02000177,3832,0.13752609603340293,0.6179540709812108,0.2377348643006263
E02000178,4665,0.13311897106109324,0.7378349410503752,0.1232583065380493
E02000179,2737,0.17062477164778955,0.6364632809645597,0.18304713189623675
E02000180,3691,0.12679490652939582,0.5708480086697372,0.29504199403955567
E02000181,4480,0.12410714285714286,0.746875,0.121875
E02000182,2755,0.16152450090744103,0.6911070780399274,0.13321234119782213
E02000183,3750,0.17626666666666665,0.5088,0.2976
E02000184,3740,0.1232620320855615,0.6005347593582888,0.26737967914438504
E02000185,3521,0.15109343936381708,0.6773643851178642,0.16273785856290826
E02000186,3263,0.10910205332516089,0.5403003371130861,0.34017775053631627
E02000187,2769,0.12423257493680029,0.5395449620801733,0.3275550740339473
E02000188,2871,0.11041448972483456,0.5471960989202369,0.32636711947056773
E02000191,2841,0.07110172474480816,0.4336501231960577,0.48398451249560015
E02000192,3216,0.08146766169154229,0.3927238805970149,0.49844527363184077
E02000193,3767,0.06583488186886116,0.42659941598088663,0.48473586408282454
E02000001,4311,0.052424031547204826,0.34052424031547207,0.5912781257248898
E02000345,2884,0.22260748959778087,0.4441747572815534,0.32697642163661583
E02000346,2284,0.15061295971978983,0.7246059544658494,0.1138353765323993
E02000347,2818,0.20049680624556424,0.4921930447125621,0.30198722498225694
E02000348,2666,0.1849212303075769,0.5360090022505627,0.27419354838709675
E02000350,4756,0.15012615643397814,0.5632884777123633,0.27754415475189237
E02000351,5112,0.11150234741784038,0.7085289514866979,0.17390453834115807
E02000352,3070,0.17035830618892508,0.5348534201954397,0.2853420195439739
E02000353,4241,0.14171186041028058,0.5555293562838953,0.2947418061777883
E02000354,4136,0.13781431334622823,0.589458413926499,0.2664410058027079
E02000355,4076,0.16756624141315016,0.5451422963689893,0.27968596663395484
E02000356,4002,0.12543728135932034,0.5759620189905047,0.2926036981509245
E02000357,2035,0.20933660933660933,0.6373464373464374,0.14791154791154792
E02000358,5627,0.12919850719744091,0.5985427403589835,0.26621645637106806
E02000359,2964,0.17847503373819162,0.5158569500674763,0.3016194331983806
E02000360,4906,0.13697513249082754,0.5955972278842234,0.2562168772931105
E02000361,3938,0.11452513966480447,0.5934484509903505,0.2854240731335703
E02000362,2698,0.18532246108228317,0.5700518902891031,0.23647146034099334
E02000363,3907,0.17302277962631174,0.6053237778346557,0.21320706424366523
E02000364,4585,0.1247546346782988,0.5293347873500546,0.3387131952017448
E02000366,3683,0.1789302199294054,0.5422210154765137,0.27097474884604944
E02000367,5203,0.12012300595810109,0.5635210455506439,0.30886027291946955
E02000368,4080,0.1377450980392157,0.5350490196078431,0.3218137254901961
E02000369,5383,0.11907858071707227,0.5758870518298347,0.2948170165335315
E02000370,3793,0.11705773793830741,0.5114684945953072,0.36409174795676247
E02006918,2975,0.20470588235294118,0.6100840336134454,0.17445378151260504
E02006921,2577,0.18626309662398138,0.5696546371750097,0.23903764066744276
E02000372,4006,0.18097853220169746,0.600599101347978,0.21367948077883175
E02000373,2435,0.1782340862422998,0.6213552361396304,0.19630390143737167
E02000374,3150,0.2003174603174603,0.5888888888888889,0.20507936507936508
E02000375,3605,0.13231622746185853,0.6274618585298197,0.23217753120665743
E02000376,3891,0.15008995116936522,0.6031868414289385,0.24184014392187098
E02000377,4168,0.1677063339731286,0.6026871401151631,0.22408829174664108
E02000378,3772,0.13282078472958642,0.6394485683987274,0.22163308589607636
E02000379,3771,0.19915141872182446,0.5775656324582339,0.2145319543887563
E02000380,3051,0.1707636840380203,0.5860373647984267,0.23533267781055392
E02000381,4090,0.14938875305623472,0.6092909535452323,0.23471882640586797
E02000382,3038,0.16984858459512836,0.5974325213956551,0.22481895984200131
E02000383,4926,0.13134388956557044,0.6522533495736906,0.20787657328461226
E02000384,3497,0.12267657992565056,0.6193880468973406,0.24792679439519588
E02000385,4012,0.1084247258225324,0.6979062811565304,0.1864406779661017
E02000386,3843,0.12932604735883424,0.6484517304189436,0.21519646109810045
E02000387,3258,0.14303253529772866,0.5859422958870473,0.26212400245549416
E02000388,4661,0.1527569191160695,0.6219695344346706,0.2175498819995709
E02000389,4299,0.1977204000930449,0.560130262851826,0.23540358222842522
E02000390,3435,0.1767103347889374,0.5892285298398835,0.2262008733624454
E02000391,3817,0.18365208278752948,0.6159287398480482,0.18967775740110035
E02000392,5150,0.15106796116504853,0.652621359223301,0.18951456310679612
E02000393,3529,0.19353924624539529,0.6095211107962596,0.18758855199773306
E02000394,3807,0.20541108484370896,0.5587076438140268,0.21486734961912266
E02000395,3131,0.18684126477163845,0.6327052060044714,0.17119131267965507
E02000396,3178,0.2130270610446822,0.5670232850849591,0.20956576463184393
E02000397,3897,0.22042596869386707,0.6979727995894278,0.07723890171927124
E02000398,2383,0.2702475870751154,0.6240033571128829,0.09819555182543013
E02000400,3559,0.275920202304018,0.6347288564203428,0.08373138522056757
E02000401,2343,0.35766111822449853,0.5360648740930432,0.09560392658984208
E02000402,2339,0.31124412141941,0.5985463873450192,0.08165882855921335
E02000403,3725,0.20241610738255034,0.7041610738255033,0.08805369127516778
E02000404,3136,0.23118622448979592,0.6712372448979592,0.09024234693877552
E02000405,3250,0.31323076923076926,0.564,0.11415384615384615
E02000406,3146,0.22091544818817546,0.6671964399237127,0.10584869675778767
E02000407,2827,0.2476123098691192,0.6480367881146091,0.09939865581888928
E02000408,2735,0.2226691042047532,0.6588665447897624,0.11407678244972577
E02000409,2510,0.27131474103585657,0.6131474103585658,0.10677290836653386
E02000410,3462,0.28682842287694976,0.5932986712882726,0.1146735990756788
E02000411,3008,0.21808510638297873,0.6901595744680851,0.08444148936170212
E02000412,3124,0.1674135723431498,0.7029449423815621,0.12259923175416133
E02000413,3341,0.3055971266087998,0.5570188566297516,0.1307991619275666
E02000414,3247,0.21558361564521097,0.6553741915614413,0.12319063751154913
E02000415,3376,0.19520142180094788,0.6999407582938388,0.09834123222748815
E02000416,3657,0.2318840579710145,0.6270166803390758,0.13453650533223954
E02000417,3513,0.24167378309137488,0.6208368915456874,0.13065755764304013
E02000418,2751,0.2875318066157761,0.5434387495456198,0.1599418393311523
E02000419,4279,0.16475812105632157,0.6919841084365506,0.13671418555737322
E02000420,3274,0.18814905314599878,0.6860109957238851,0.12064752596212584
E02000421,2994,0.156312625250501,0.7421509686038744,0.09585838343353373
E02000422,3321,0.19391749473050285,0.683227943390545,0.11954230653417645
E02000423,3560,0.16151685393258428,0.6991573033707865,0.13146067415730336
E02000424,3822,0.19387755102040816,0.6376242804814234,0.16169544740973313
E02000425,2591,0.2747973755306831,0.5360864531069085,0.18062524121960633
E02000426,3219,0.27958993476234856,0.5952159055607331,0.11618515066790928
E02000427,3803,0.14725216933999474,0.7175913752300815,0.12674204575335263
E02000428,2978,0.2038280725319006,0.6608462055070518,0.1292813969106783
E02000429,3707,0.23684920420825464,0.6147828432694902,0.14189371459401132
E02000430,4426,0.18933574333483957,0.6538635336647085,0.15205603253502034
E02000431,3950,0.1681012658227848,0.6863291139240506,0.13924050632911392
E02000432,3648,0.13541666666666666,0.7069627192982456,0.15268640350877194
E02006794,2485,0.2442655935613682,0.6394366197183099,0.10784708249496981
E02000554,4031,0.16794839990076904,0.6254031257752419,0.19771768791863062
E02000555,4425,0.16677966101694916,0.6470056497175142,0.17966101694915254
E02000556,5203,0.12800307514895254,0.6678839131270421,0.19738612339035172
E02000557,3980,0.1457286432160804,0.6522613065326633,0.1957286432160804
E02000558,3366,0.13874034462269758,0.6571598336304219,0.19607843137254902
E02000559,5020,0.10617529880478088,0.6972111553784861,0.18944223107569721
E02000560,3891,0.11616551015163197,0.6892829606784888,0.1883834489848368
E02000561,3950,0.1549367088607595,0.590126582278481,0.2470886075949367
E02000562,3800,0.1386842105263158,0.6078947368421053,0.24526315789473685
E02000563,3822,0.1357927786499215,0.6258503401360545,0.23207744636316066
E02000564,6002,0.10396534488503832,0.6851049650116627,0.2060979673442186
E02000565,3693,0.12293528296777688,0.6306525859734633,0.23828865421066883
E02000566,4535,0.11488423373759647,0.6359426681367144,0.24388092613009923
E02000567,5517,0.12144281312307413,0.618089541417437,0.25249229653797356
E02000568,3795,0.13649538866930172,0.6005270092226614,0.25638998682476943
E02000569,4895,0.12563840653728295,0.6241062308478039,0.2439223697650664
E02000570,4912,0.12927524429967427,0.5401058631921825,0.32166123778501626
E02000571,3832,0.12108559498956159,0.5487995824634656,0.32411273486430064
E02000572,3209,0.1274540355250857,0.5702711124961047,0.2947958865690246
E02000573,4886,0.09987720016373311,0.5313139582480557,0.36164551780597626
E02000574,4201,0.10307069745298739,0.5044037134015711,0.38681266365151157
E02000575,5802,0.09410548086866598,0.4095139607032058,0.4884522578421234
E02000576,4082,0.1109750122488976,0.4269965703086722,0.45124938755512006
E02000577,2717,0.1910195068089805,0.5649613544350387,0.22892896577107102
E02000578,2136,0.2308052434456929,0.5491573033707865,0.2144194756554307
E02000579,3993,0.2296518908089156,0.5437014775857751,0.21337340345604808
E02000580,4321,0.17195093728303634,0.5906040268456376,0.22726220782226336
E02000581,2726,0.18708730741012472,0.5682318415260454,0.23404255319148937
E02000582,4003,0.16237821633774668,0.6487634274294279,0.17287034723957032
E02000583,3432,0.20337995337995338,0.5932400932400932,0.1858974358974359
E02000584,3839,0.17556655379004948,0.6204740817921334,0.18754884084396978
E02000585,3656,0.22921225382932167,0.5858862144420132,0.16329321663019694
E02000586,3501,0.21908026278206227,0.552984861468152,0.20536989431590974
E02000587,3260,0.21012269938650308,0.5957055214723926,0.17423312883435582
E02000588,3925,0.230828025477707,0.5070063694267516,0.2310828025477707
E02000589,3944,0.17469574036511157,0.6488336713995944,0.15720081135902636
E02000590,3085,0.1811993517017828,0.5815235008103727,0.22042139384116693
E02000591,3334,0.14067186562687461,0.6694661067786443,0.1811637672465507
E02000592,3362,0.1748958953004164,0.6433670434265318,0.16686496133254017
E02000593,4002,0.17391304347826086,0.6516741629185407,0.16141929035482258
E02000594,3250,0.24707692307692308,0.5203076923076924,0.2129230769230769
E02000595,3384,0.24881796690307328,0.5189125295508275,0.2127659574468085
E02000596,3750,0.236,0.5394666666666666,0.2096
E02000597,2958,0.21467207572684247,0.5493576741041244,0.2173766058147397
E02000619,3780,0.11878306878306878,0.5785714285714286,0.294973544973545
E02000620,5024,0.1035031847133758,0.6068869426751592,0.2822452229299363
E02000621,5990,0.0981636060100167,0.672787979966611,0.22287145242070117
E02000622,4601,0.10323842642903716,0.6770267333188438,0.21517061508367746
E02000623,3881,0.1352744138108735,0.6712187580520484,0.1862921927338315
E02000624,4019,0.12266733018163722,0.6991789002239363,0.1699427718337895
E02000625,3978,0.12895927601809956,0.7061337355455003,0.1596279537456008
E02000626,3448,0.1424013921113689,0.6574825986078886,0.18793503480278423
E02000627,5355,0.10289449112978524,0.7366946778711485,0.153874883286648
E02000628,4414,0.11848663343905755,0.729497054825555,0.14499320344358857
E02000629,5652,0.11341118188251946,0.7301840056617127,0.1521585279547063
E02000630,4408,0.12477313974591651,0.7155172413793104,0.15517241379310345
E02000631,4701,0.14890448840672196,0.6000850882790896,0.2431397574984046
E02000632,6641,0.09697334738744165,0.7509411233248005,0.1472669778647794
E02000633,4455,0.1063973063973064,0.710662177328844,0.17732884399551066
E02000634,3832,0.11717118997912317,0.7434759916492694,0.1336116910229645
E02000635,5021,0.126867157936666,0.6779525990838479,0.19159529974108744
E02000636,4573,0.14366936365624317,0.6988847583643123,0.1513229827246884
E02000637,5276,0.12130401819560273,0.6859363153904473,0.18612585291887793
E02000638,5122,0.14740335806325655,0.6930886372510738,0.15365091761030847
E02000639,3815,0.16199213630406292,0.709305373525557,0.12477064220183487
E02000640,5266,0.15875427269274592,0.6897075579187238,0.14736042537030003
E02000641,3730,0.17908847184986595,0.6876675603217158,0.12654155495978553
E02000642,4687,0.19223383827608279,0.650949434606358,0.14956262001280138
E02000643,4448,0.19199640287769784,0.6926708633093526,0.11151079136690648
E02000644,4401,0.22403999091115656,0.6459895478300386,0.12406271301976823
E02000645,4616,0.20775563258232235,0.6490467937608319,0.13648180242634314
E02000646,5215,0.21188878235858102,0.6745925215723874,0.10795781399808245
E02000647,4098,0.2884333821376281,0.5944363103953147,0.10883357735480723
E02000648,3051,0.26319239593575877,0.6309406751884628,0.09996722386102917
E02000649,6096,0.18585958005249345,0.6993110236220472,0.1104002624671916
E02000650,3513,0.22345573583831482,0.6530031312268716,0.11642470822658696
E02000651,4287,0.23816188476790295,0.6594355026825286,0.0947049218567763
E02000652,3350,0.2928358208955224,0.626268656716418,0.07671641791044777
E02006801,4252,0.08936970837253057,0.5183443085606774,0.3845249294449671
E02000653,4129,0.17897796076531847,0.6919350932429159,0.10462581738919835
E02000654,3243,0.1877890841813136,0.6725254394079556,0.13012642614862782
E02000655,3949,0.16966320587490505,0.7011901747277792,0.12028361610534312
E02000657,4673,0.146586775090948,0.7010485769313075,0.14551679863043013
E02000658,4114,0.17282450170150704,0.6737967914438503,0.14608653378706854
E02000659,3665,0.1855388813096862,0.6949522510231924,0.11323328785811733
E02000660,4560,0.14692982456140352,0.7236842105263158,0.12302631578947368
E02000661,3415,0.17481698389458272,0.7238653001464129,0.09546120058565154
E02000662,4015,0.2169364881693649,0.6523038605230386,0.12503113325031134
E02000663,3664,0.18968340611353712,0.6653930131004366,0.1345524017467249
E02000665,4142,0.2146306132303235,0.6605504587155964,0.11878319652341864
E02000666,3539,0.24583215597626448,0.610624470189319,0.13789205990392767
E02000667,3293,0.2760400850288491,0.5903431521409049,0.12663225022775584
E02000668,3301,0.27506816116328386,0.6089063920024235,0.10875492275068162
E02000669,3922,0.20295767465578787,0.682559918408975,0.10785313615502294
E02000670,2859,0.2682756208464498,0.602308499475341,0.11892270024484085
E02000671,4304,0.22630111524163568,0.654275092936803,0.1129182156133829
E02000672,3828,0.25653082549634276,0.6314002089864159,0.10475444096133751
E02000673,4144,0.23672779922779924,0.6452702702702703,0.11269305019305019
E02000674,3751,0.34710743801652894,0.5465209277525993,0.10103972274060251
E02000675,4039,0.4052983411735578,0.5016093092349592,0.08368408021787571
E02000676,3968,0.2872983870967742,0.5962701612903226,0.11164314516129033
E02000677,3285,0.3497716894977169,0.5394216133942161,0.10745814307458143
E02000678,2528,0.4098101265822785,0.507120253164557,0.07713607594936708
E02000679,3739,0.2893821877507355,0.6138004814121423,0.09093340465365071
E02000680,3066,0.24298760600130462,0.6510110893672537,0.09719504240052185
E02000681,3487,0.37396042443361055,0.5196443934614282,0.10065959277315745
E02000682,3228,0.4052044609665427,0.5030978934324659,0.0848822800495663
E02000683,2630,0.3581749049429658,0.5722433460076045,0.06197718631178707
E02000685,3493,0.2985971943887776,0.6149441740624105,0.08245061551674777
E02000686,2639,0.3361121636983706,0.5558923834785904,0.10306934444865479
E02000687,3642,0.2784184514003295,0.6224601867105986,0.09362987369577155
E02006783,2823,0.4116188452001417,0.48813319164009916,0.0924548352816153
E02006784,2958,0.42258282623394183,0.49729546991210277,0.07302231237322515
E02006798,3431,0.16788108423200232,0.6910521713786069,0.13552900029146023
E02000714,3657,0.2245009570686355,0.6828001093792726,0.08859721082854799
E02000715,2537,0.2794639337800552,0.6306661411115491,0.0823807646826961
E02000716,2856,0.27310924369747897,0.6428571428571429,0.07738095238095238
E02000717,3058,0.24427730542838458,0.6726618705035972,0.07880967952910399
E02000718,2199,0.3133242382901319,0.5834470213733515,0.09458844929513416
E02000719,3792,0.20780590717299577,0.6943565400843882,0.09335443037974683
E02000720,3167,0.26997158193874327,0.6081465108935902,0.11809283233343859
E02000721,3633,0.23754472887420863,0.6416184971098265,0.11560693641618497
E02000722,4105,0.16930572472594396,0.741291108404385,0.08428745432399513
E02000723,4202,0.24369347929557353,0.633745835316516,0.11613517372679677
E02000724,3516,0.25426621160409557,0.6345278725824801,0.10580204778156997
E02000725,4740,0.120042194092827,0.7875527426160338,0.0890295358649789
E02000727,3314,0.19975859987929995,0.671997585998793,0.12311406155703078
E02000728,3307,0.24765648624130632,0.6610220743876626,0.08618082854550953
E02000729,3127,0.23888711224816117,0.6555804285257435,0.09657818995842661
E02000730,3541,0.2163230725783677,0.667890426433211,0.11042078508895792
E02000731,4120,0.2070388349514563,0.6876213592233009,0.10048543689320388
E02000732,2700,0.24444444444444444,0.644074074074074,0.10481481481481482
E02000733,4172,0.19247363374880153,0.7308245445829339,0.07166826462128476
E02000734,3146,0.2024793388429752,0.7139224411951685,0.07692307692307693
E02000735,3021,0.1906653426017875,0.7156570671962926,0.08440913604766634
E02000736,3108,0.3027670527670528,0.5974903474903475,0.09523809523809523
E02000737,3679,0.2911117151399837,0.5977167708616472,0.10600706713780919
E02000738,3539,0.2811528680418197,0.6174060469059056,0.09748516530093247
E02000739,3052,0.20773263433813893,0.7015072083879423,0.08158584534731324
E02000740,2897,0.20434932688988608,0.7179841215050051,0.06972730410769762
E02000741,3375,0.25303703703703706,0.6405925925925926,0.09837037037037037
E02000742,3049,0.33092817317153167,0.5726467694326008,0.08953755329616267
E02000743,3053,0.2250245660006551,0.6888306583688175,0.08221421552571241
E02000744,3269,0.2569593147751606,0.6371979198531661,0.10156011012542061
E02000745,3682,0.30635524171645845,0.6086366105377512,0.07930472569255839
E02000746,3035,0.2777594728171334,0.6369028006589785,0.07479406919275124
E02000747,5243,0.17146671752813275,0.7526225443448408,0.06694640473011634
E02000748,2792,0.3108882521489971,0.6081661891117478,0.0755730659025788
E02000749,3207,0.2756470221390708,0.6273776114748987,0.09073900841908325
E02000807,5232,0.15386085626911314,0.6978211009174312,0.12308868501529052
E02000808,5103,0.08367626886145405,0.4769743288261807,0.42582794434646287
E02000810,4550,0.12263736263736263,0.6063736263736264,0.26373626373626374
E02000812,5109,0.10217263652378156,0.5662556273243297,0.32276375024466625
E02000813,4019,0.14506096043791988,0.6984324458820602,0.14705150534958944
E02000814,5360,0.13544776119402985,0.6781716417910447,0.12388059701492538
E02000815,3374,0.08180201541197392,0.5933609958506224,0.31831653823355066
E02000816,4246,0.18064060292039566,0.6128120584079133,0.19853980216674516
E02000817,2679,0.1761851437103397,0.64501679731243,0.1705860395670026
E02000818,3501,0.1265352756355327,0.6503856041131105,0.21936589545844046
E02000819,3700,0.15702702702702703,0.6535135135135135,0.1818918918918919
E02000820,4281,0.1051156271899089,0.6664330763840224,0.22331231020789535
E02000821,3392,0.16804245283018868,0.6698113207547169,0.1559551886792453
E02000822,3520,0.12982954545454545,0.6701704545454545,0.19090909090909092
E02000823,3751,0.12609970674486803,0.6656891495601173,0.19994668088509732
E02000824,3732,0.17390139335476956,0.6792604501607717,0.14040728831725616
E02000825,3934,0.16573462125063548,0.6997966446365023,0.12785968479918658
E02000826,4075,0.147239263803681,0.6471165644171779,0.2
E02000827,4673,0.12582923175690136,0.6890648405735074,0.17783008773806977
E02000828,3557,0.161653078436885,0.6873770030924937,0.14619061006466122
E02000829,4718,0.18164476473081814,0.6729546417973717,0.1394658753709199
E02000830,4691,0.1502877851204434,0.6199104668514176,0.21978256235344276
E02000831,4729,0.15077183336857686,0.6466483400296046,0.19623599069570732
E02000832,4333,0.21740133856450497,0.6120470805446573,0.16178167551350103
E02000833,3558,0.16582349634626195,0.6408094435075885,0.18662169758291175
E02000834,5310,0.17966101694915254,0.6404896421845574,0.17457627118644067
E02000835,3446,0.2724898432965757,0.567034242600116,0.1546720835751596
E02000836,4396,0.20313921747042765,0.6155595996360328,0.17743403093721566
E02000837,4228,0.21073793755912962,0.597918637653737,0.1837748344370861
E02000838,4719,0.2462386098749735,0.5927103199830472,0.15575333757151938
E02000839,3605,0.27295423023578363,0.6085991678224688,0.1087378640776699
E02006802,3511,0.097977784107092,0.5568214183993164,0.33323839362005125
E02000864,3468,0.17358708189158017,0.5986159169550173,0.222318339100346
E02000865,2987,0.14328757951121526,0.5985939069300301,0.24907934382323402
E02000866,4758,0.15699873896595207,0.610760823875578,0.22635561160151324
E02000867,5346,0.13767302656191546,0.7151141040029929,0.1429105873550318
E02000868,3314,0.10289680144840073,0.5543150271575136,0.3370549185274593
E02000869,2727,0.1188118811881188,0.4679134580124679,0.4041070773744041
E02000870,2964,0.13731443994601888,0.6174089068825911,0.23616734143049933
E02000871,3228,0.1734820322180917,0.6827757125154895,0.13506815365551425
E02000872,3684,0.08930510314875136,0.506786102062975,0.3954940282301846
E02000873,3160,0.14525316455696202,0.6132911392405064,0.23386075949367088
E02000874,2622,0.15331807780320367,0.6086956521739131,0.22616323417238748
E02000875,3581,0.18486456297123707,0.6601507958670763,0.1482826026249651
E02000876,3133,0.1021385253750399,0.6118736035748484,0.27832748164698373
E02000877,3649,0.16771718278980544,0.6686763496848451,0.1586736092080022
E02000878,4836,0.07092638544251448,0.49069478908188585,0.43093465674110837
E02000879,2964,0.15856950067476383,0.5843454790823212,0.2483130904183536
E02000880,2405,0.13014553014553015,0.5584199584199584,0.30145530145530147
E02000881,2359,0.22467147096227216,0.6146672318779144,0.15642221280203475
E02000882,3051,0.20386758439855784,0.5850540806293019,0.20353982300884957
E02000883,2646,0.20294784580498867,0.6243386243386243,0.1659108087679516
E02000884,4931,0.07888866355708782,0.4946258365443115,0.41391198539849927
E02000885,2467,0.15322253749493311,0.5820835022294285,0.2573976489663559
E02000886,3819,0.1335428122545169,0.6103692065985861,0.24063891070960985
E02000887,3368,0.18586698337292162,0.6107482185273159,0.19685273159144892
E02000888,3908,0.1394575230296827,0.6136131013306039,0.24002047082906858
E02000889,3566,0.12815479528883902,0.4582164890633763,0.40661805945036456
E02000890,3830,0.13211488250652742,0.5049608355091384,0.35718015665796343
E02000893,3310,0.19274924471299093,0.6398791540785499,0.15770392749244713
E02000894,5996,0.14192795196797867,0.6919613075383589,0.14109406270847233
E02006853,3706,0.10982191041554236,0.5960604425256341,0.2857528332433891
E02006854,3568,0.0913677130044843,0.5602578475336323,0.33099775784753366
E02000923,4250,0.1868235294117647,0.5501176470588235,0.25223529411764706
E02000925,3741,0.17722534081796312,0.5928896017107725,0.2202619620422347
E02000926,5440,0.19852941176470587,0.5955882352941176,0.1974264705882353
E02000927,3997,0.16087065298974232,0.6442331748811608,0.1916437327995997
E02000928,4734,0.2006759611322349,0.6013941698352345,0.18990283058724122
E02000929,3281,0.15391648887534287,0.6818043279487961,0.16031697653154525
E02000930,6551,0.11723401007479774,0.7296595939551214,0.14867959090215235
E02000931,5389,0.13657450361848208,0.705511226572648,0.1525329374652069
E02000932,6946,0.1490066225165563,0.683846818312698,0.15505326806795278
E02000933,4734,0.2177862272919307,0.6297000422475708,0.1442754541613857
E02000934,6138,0.13880742913000976,0.7173346366894754,0.13994786575431736
E02000935,2646,0.24829931972789115,0.5801209372637944,0.1636432350718065
E02000936,5028,0.1505568814638027,0.7028639618138425,0.14101034208432778
E02000937,4213,0.18158082126750533,0.6387372418704012,0.17279848089247568
E02000938,4342,0.2572547213265776,0.5840626439428834,0.15131275909719025
E02000939,3840,0.18984375,0.6408854166666667,0.1609375
E02000940,4325,0.18404624277456647,0.6330635838150289,0.17895953757225433
E02000941,5533,0.23097776974516537,0.5837701066329297,0.17802277245617207
E02000942,5219,0.22590534585169572,0.6225330523088715,0.14504694385897682
E02000943,5217,0.11941728963005559,0.7335633505846272,0.14069388537473643
E02000944,3510,0.24188034188034188,0.6173789173789174,0.13703703703703704
E02000945,3264,0.2601102941176471,0.616421568627451,0.11917892156862746
E02000946,4557,0.20013166556945358,0.6491112574061882,0.14395435593592276
E02000947,5290,0.2001890359168242,0.6514177693761815,0.14196597353497165
E02000948,6484,0.1366440468846391,0.7384330660086367,0.1216841455891425
E02000949,5574,0.17384284176533907,0.6684607104413348,0.15105848582705417
E02000950,4001,0.2604348912771807,0.6100974756310922,0.12246938265433642
E02000951,3871,0.1516404029966417,0.7065357788685094,0.13846551278739344
E02000952,3535,0.1635077793493635,0.700990099009901,0.12871287128712872
E02000953,4240,0.17547169811320754,0.6391509433962265,0.18066037735849055
E02000954,3274,0.20769700671960903,0.6380574221136225,0.14324984728161272
E02000955,3060,0.19934640522875818,0.6209150326797386,0.1758169934640523
E02000956,3791,0.17277763123186493,0.6412556053811659,0.17963597995251912
E02000957,5646,0.17871059156925256,0.6549769748494509,0.16029047113000355
E02000958,3777,0.2962668784749801,0.5207836907598623,0.1758009001853323
E02000959,3424,0.254088785046729,0.615070093457944,0.12470794392523364
E02000960,2751,0.20065430752453653,0.5779716466739367,0.20138131588513267
E02000961,3873,0.1967467079783114,0.6547895688097083,0.13374644978053188
E02000962,3471,0.1679631230193028,0.6531259003169115,0.1616248919619706
E02000963,3959,0.1831270522859308,0.6264208133367012,0.18337964132356654
E02000964,5452,0.1553558327219369,0.6581071166544388,0.1797505502567865
E02000965,4747,0.13777122393090374,0.6789551295555087,0.17379397514219508
E02000966,5012,0.16759776536312848,0.6566241021548284,0.16201117318435754
E02000967,3599,0.11586551819949986,0.5971103084190053,0.27618782995276464
E02000968,4524,0.13373121131741822,0.5833333333333334,0.27210433244916005
E02000969,3314,0.14544357272178637,0.6182860591430296,0.2260108630054315
E02000970,4771,0.13435338503458394,0.44099769440368897,0.4030601551037518
E02000971,4090,0.12518337408312957,0.5366748166259169,0.32273838630806845
E02000972,4385,0.07799315849486887,0.4250855188141391,0.479133409350057
E02000973,5392,0.14410237388724034,0.6518916913946587,0.19343471810089022
E02000974,3607,0.16135292486831163,0.5289714444136402,0.2883282506237871
E02000975,4960,0.10483870967741936,0.6445564516129032,0.23245967741935483
E02000976,5139,0.11617046117921774,0.6740611013815917,0.19750924304339365
E02000977,3862,0.11289487312273433,0.3720870015535992,0.4766960124287934
E02000978,3490,0.2555873925501433,0.39598853868194844,0.3045845272206304
E02000979,3938,0.10360589131538853,0.5142204164550533,0.36896901980700864
E02000980,4270,0.12318501170960187,0.5384074941451991,0.3262295081967213
E02000981,5253,0.11155530173234342,0.5526365886160289,0.3259090043784504
E02000982,3708,0.1518338727076591,0.5631067961165048,0.2758899676375405
E02000983,3992,0.11848697394789579,0.5846693386773547,0.28607214428857713
E02000002,2409,0.5205479452054794,0.40680780406807804,0.06517227065172271
E02000003,4398,0.46271032287403363,0.45702592087312416,0.07526148249204184
E02000004,2775,0.5502702702702703,0.3589189189189189,0.08468468468468468
E02000005,3501,0.4964295915452728,0.42245072836332476,0.0779777206512425
E02000007,3245,0.46594761171032356,0.44992295839753466,0.08073959938366718
E02000008,4455,0.4855218855218855,0.43658810325476993,0.07227833894500561
E02000009,3424,0.4672897196261682,0.4623247663551402,0.0657126168224299
E02000010,3371,0.4402254523880154,0.4773064372589736,0.077128448531593
E02000011,2691,0.43478260869565216,0.48049052396878483,0.07952434039390562
E02000012,4110,0.44695863746958636,0.47956204379562045,0.06885644768856447
E02000013,3245,0.4727272727272727,0.45084745762711864,0.06902927580893682
E02000014,3715,0.43149394347240916,0.47187079407806193,0.09098250336473755
E02000015,2822,0.42062367115520904,0.4805102763997165,0.09071580439404678
E02000016,3179,0.22459893048128343,0.6907832651777288,0.07864108210128971
E02000017,3657,0.3267705769756631,0.579163248564397,0.08996445173639596
E02000018,3355,0.4402384500745157,0.4855439642324888,0.06915052160953801
E02000019,3364,0.45600475624256837,0.45570749108204517,0.08145065398335315
E02000020,3548,0.37936865839909806,0.5222660653889515,0.08934611048478015
E02000021,3233,0.4540674296319208,0.4500463965357253,0.0893906588308073
E02000022,2932,0.28171896316507505,0.619031377899045,0.09106412005457026
E02000023,2348,0.39437819420783643,0.5255536626916525,0.07325383304940375
E02006799,3761,0.4767349109279447,0.4280776389258176,0.08774262164318
E02000024,4739,0.4792150242667229,0.3933319265667862,0.12112259970457903
E02000025,3797,0.521991045562286,0.4032130629444298,0.06979194100605741
E02000026,2829,0.574761399787911,0.3570166136443973,0.0576175326970661
E02000027,3960,0.5401515151515152,0.36792929292929294,0.08383838383838384
E02000028,2947,0.5273159144893111,0.4000678656260604,0.0675262979300984
E02000029,3970,0.5136020151133501,0.39874055415617127,0.0783375314861461
E02000030,3692,0.6064463705308776,0.3196099674972914,0.0628385698808234
E02000031,3205,0.44087363494539783,0.4823712948517941,0.06458658346333854
E02000032,3554,0.5430500844119303,0.3860438942037141,0.06359032076533483
E02000033,3862,0.4955981356809943,0.43837389953392025,0.05800103573278094
E02000034,3917,0.5016594332397243,0.4130712279805974,0.07939749808526934
E02000035,3711,0.39315548369711667,0.5251953651306925,0.07464295338183778
E02000036,4607,0.5482960711960061,0.390275667462557,0.053179943564141526
E02000037,3982,0.580110497237569,0.35133098945253644,0.06102461074836765
E02000038,4977,0.43319268635724334,0.4908579465541491,0.06690777576853527
E02000039,2939,0.5270500170125894,0.39877509356924123,0.06532834297380061
E02000040,2868,0.4895397489539749,0.3915620641562064,0.11297071129707113
E02000041,3817,0.4548074403982185,0.4495677233429395,0.08907518993974325
E02000042,5180,0.33976833976833976,0.5407335907335907,0.11177606177606178
E02000043,3407,0.4044614029938362,0.5198121514528911,0.07073671852069269
E02000044,3455,0.4347322720694645,0.48712011577424025,0.07062228654124457
E02000045,4788,0.39035087719298245,0.5169172932330827,0.08583959899749373
E02000046,3665,0.30068212824010915,0.6068212824010915,0.08649386084583902
E02000047,4800,0.39,0.5225,0.081875
E02000048,4388,0.5166362807657247,0.4193254329990884,0.055150410209662715
E02000049,3102,0.38781431334622823,0.5257898130238555,0.07543520309477757
E02000050,4734,0.37938318546683564,0.5116180819602872,0.10202788339670468
E02000051,3722,0.4091886082751209,0.49623858140784527,0.08167651800107469
E02000052,5097,0.2878163625662154,0.6156562683931724,0.09005297233666863
E02000054,3313,0.44159372170238453,0.46906127376999696,0.07878056142469061
E02000055,4835,0.35677352637021714,0.5197518097207859,0.11189245087900723
E02000056,3717,0.4710788270110304,0.448210922787194,0.06483723432875975
E02000057,3091,0.4131349077968295,0.4616628922678745,0.11355548366224523
E02000058,4368,0.37454212454212454,0.5267857142857143,0.0885989010989011
E02000059,4801,0.3970006248698188,0.4951051864194959,0.09914601124765673
E02000060,4019,0.3667578999751182,0.494650410549888,0.12839014680268723
E02000061,3672,0.2717864923747277,0.6421568627450981,0.07380174291938998
E02000062,2825,0.3224778761061947,0.5497345132743363,0.12070796460176991
E02000063,3039,0.3504442250740375,0.5630141493912472,0.07897334649555775
E02000064,2631,0.2968453059673128,0.5982516153553782,0.09312048650703154
E02000065,3147,0.39466158245948524,0.555767397521449,0.04099142040038131
E02000066,3934,0.39374682257244537,0.5449923741738688,0.057447890188103715
E02000067,3949,0.5008863003291972,0.4170676120536845,0.07166371233223601
E02000068,3174,0.465658475110271,0.44454946439823567,0.08128544423440454
E02000069,2688,0.5851934523809523,0.33891369047619047,0.06956845238095238
E02000070,3678,0.6030451332245785,0.3368678629690049,0.05410549211528004
E02000071,3432,0.6054778554778555,0.3132284382284382,0.07867132867132867
E02000072,4566,0.49605781865965837,0.41042487954445905,0.08782303985983356
E02000073,4956,0.5891848264729621,0.3531073446327684,0.05367231638418079
E02000074,3270,0.5865443425076453,0.3262996941896025,0.0801223241590214
E02000075,3780,0.571957671957672,0.3537037037037037,0.06798941798941799
E02000077,3748,0.5440234791889007,0.381803628601921,0.06803628601921025
E02000078,3879,0.5854601701469451,0.3500902294405775,0.062129414797628256
E02000079,3728,0.4895386266094421,0.4125536480686695,0.0930793991416309
E02000080,4438,0.5432627309598919,0.38846327174402884,0.0626408292023434
E02000081,3382,0.5632761679479598,0.34240094618568895,0.08840922531046717
E02000082,4458,0.5782862270076268,0.3604755495737999,0.054284432480933155
E02000083,4463,0.5883934573157069,0.329822989020838,0.07730226305175891
E02000084,5190,0.5932562620423892,0.33815028901734107,0.0630057803468208
E02000085,3863,0.6080766243851928,0.31633445508672015,0.06989386487186125
E02000086,3673,0.6054995916144841,0.32044650149741355,0.06779199564388783
E02000087,3456,0.5532407407407407,0.3822337962962963,0.05873842592592592
E02000088,3782,0.5742993125330513,0.35721840296139606,0.0597567424643046
E02000089,3654,0.5588396278051451,0.36891078270388616,0.06704980842911877
E02000090,4054,0.44647261963492846,0.45485939812530835,0.09102121361618155
E02000091,4245,0.5012956419316843,0.4016489988221437,0.09210836277974087
E02000092,2690,0.5955390334572491,0.3204460966542751,0.08029739776951673
E02006785,2885,0.5199306759098787,0.41421143847487,0.06031195840554593
E02000093,5049,0.44860368389780153,0.4781144781144781,0.06872648049118638
E02000094,3933,0.46046275108060003,0.4614797864225782,0.07042969743198577
E02000095,4402,0.4284416174466152,0.5031803725579282,0.06360745115856428
E02000096,3501,0.4792916309625821,0.45729791488146243,0.057983433304770064
E02000097,3928,0.49185336048879835,0.44882892057026474,0.053462321792260695
E02000098,3519,0.41261722080136404,0.5299801079852231,0.05058255186132424
E02000099,3903,0.3576735844222393,0.576735844222393,0.06123494747630028
E02000100,3993,0.45204107187578263,0.3961933383420987,0.14600550964187328
E02000101,3773,0.38669493771534585,0.5406838059899285,0.06307977736549165
E02000102,3059,0.4105916966328866,0.499182739457339,0.08336057535142204
E02000103,3487,0.40407226842558075,0.5101806710639518,0.07857757384571265
E02000104,2944,0.39334239130434784,0.5105298913043478,0.09001358695652174
E02000105,4193,0.37658001430956356,0.5583114715001193,0.05914619604102075
E02000106,4354,0.33348644924207627,0.5748736793752871,0.08291226458429031
E02000107,5394,0.21653689284390062,0.6768631813125695,0.09658880237300704
E02000108,2994,0.3727454909819639,0.5661322645290581,0.0531062124248497
E02000110,4125,0.25042424242424244,0.6429090909090909,0.10036363636363636
E02000111,4605,0.3311617806731813,0.5496199782844734,0.11357220412595005
E02000112,4607,0.29021054916431516,0.587584111135229,0.11699587584111135
E02000113,3334,0.3698260347930414,0.5107978404319136,0.11217756448710257
E02000114,4752,0.21106902356902357,0.6864478114478114,0.09532828282828283
E02000115,4454,0.19577907498877414,0.6937584193982936,0.09856308935788055
E02000116,3649,0.21238695533022747,0.6845711153740751,0.09509454645108249
E02000117,4438,0.28729157278053175,0.573231185218567,0.13046417305092384
E02000118,4353,0.3710084998851367,0.46795313576843556,0.15575465196416263
E02000119,2462,0.33671811535337126,0.5471161657189277,0.10479285134037368
E02000120,5195,0.16111645813282002,0.6821944177093359,0.15149181905678538
E02000121,4333,0.3106392799446111,0.5183475651973228,0.1643203323332564
E02000122,3770,0.2896551724137931,0.5671087533156499,0.1323607427055703
E02000123,6328,0.23878002528445005,0.6245259165613148,0.12958280657395702
E02000124,5430,0.1865561694290976,0.649171270718232,0.15930018416206262
E02000125,5485,0.2543299908842297,0.5954421148587056,0.14348222424794896
E02000126,3089,0.19100032372936226,0.6633214632567174,0.13629006150857884
E02000127,3517,0.49473983508672165,0.43673585442138185,0.06312197895934035
E02000128,3519,0.512645637965331,0.3998294970161978,0.08013640238704177
E02000130,3978,0.31447963800904977,0.5801910507792861,0.10030165912518854
E02000131,4734,0.23067173637515842,0.6723700887198986,0.09083227714406422
E02000132,4660,0.2967811158798283,0.6324034334763948,0.06523605150214593
E02000133,4184,0.4357074569789675,0.5198374760994264,0.038479923518164434
E02000134,5458,0.34115060461707586,0.5152070355441554,0.1377794063759619
E02000135,4080,0.3073529411764706,0.5791666666666667,0.10465686274509804
E02000136,2194,0.5938924339106655,0.33591613491340017,0.05423883318140383
E02000137,3816,0.404874213836478,0.5039308176100629,0.0859538784067086
E02000138,3956,0.37209302325581395,0.5546006066734075,0.06572295247724974
E02000139,3873,0.35295636457526464,0.5626129615285309,0.07926671830622256
E02000140,3127,0.5567636712503997,0.3482571154461145,0.09050207866965142
E02000141,3505,0.38601997146932954,0.5255349500713267,0.08131241084165478
E02000142,3871,0.4267631103074141,0.43916300697494187,0.12658227848101267
E02000144,4443,0.35584064821066846,0.5077650236326806,0.12964213369345037
E02000145,3200,0.5334375,0.3690625,0.0928125
E02000146,4071,0.42913289118152786,0.454433800049128,0.11127487103905674
E02000147,3450,0.5147826086956522,0.40840579710144925,0.06753623188405797
E02000148,2885,0.47001733102253035,0.4589254766031196,0.06308492201039861
E02000149,3456,0.5436921296296297,0.36429398148148145,0.08709490740740741
E02000150,3844,0.5200312174817898,0.4011446409989594,0.07101977107180021
E02000151,3314,0.44176222088111045,0.49577549788774894,0.058539529269764634
E02000152,2763,0.5533840028954036,0.3608396670285921,0.07962359753890698
E02000153,3616,0.5417588495575221,0.3855088495575221,0.06913716814159292
E02000154,3731,0.4666309300455642,0.42857142857142855,0.09970517287590458
E02000155,3094,0.5672268907563025,0.33968972204266323,0.08597285067873303
E02000156,5438,0.5266642147848474,0.3900331004045605,0.07888929753585877
E02000157,3447,0.49869451697127937,0.42181607194662024,0.07542790832608065
E02000158,2960,0.5425675675675675,0.36993243243243246,0.08209459459459459
E02000159,2888,0.599376731301939,0.32721606648199447,0.06890581717451523
E02000160,3615,0.5762102351313969,0.34190871369294606,0.07551867219917012
E02000161,3977,0.5159668091526276,0.41061101332662814,0.06939904450590897
E02000162,2881,0.5931968066643527,0.30267268309614714,0.0982297813259285
E02000163,3498,0.5628930817610063,0.3687821612349914,0.0631789594053745
E02000165,3688,0.7505422993492408,0.199295010845987,0.0425704989154013
E02006782,3318,0.48673899939722726,0.42103676913803495,0.08227848101265822
E02006787,3697,0.41249661888017314,0.48552880714092506,0.09277792804977009
E02006789,2822,0.7147413182140326,0.20552799433026223,0.07264351523742027
E02000194,4284,0.3160597572362278,0.5891690009337068,0.08940242763772176
E02000195,4240,0.45872641509433965,0.4688679245283019,0.0660377358490566
E02000196,3252,0.3856088560885609,0.534440344403444,0.06826568265682657
E02000197,3986,0.3652784746613146,0.5607124937280482,0.0672353236327145
E02000198,3524,0.37741203178206584,0.5377412031782066,0.07604994324631101
E02000199,3791,0.3748351358480612,0.5439198100764969,0.07385914006858349
E02000200,3898,0.3358132375577219,0.5910723447922012,0.06849666495638788
E02000201,3587,0.3323111235015333,0.5873989406189016,0.07359910788960133
E02000202,3831,0.38162359697206993,0.5220569042025581,0.08848864526233359
E02000203,3382,0.33057362507392074,0.5615020697811945,0.09905381431105854
E02000204,3979,0.37949233475747673,0.5081678813772305,0.10555415933651671
E02000206,4027,0.3402036255276881,0.5458157437298237,0.10727588775763595
E02000207,3890,0.38868894601542414,0.515681233933162,0.08714652956298201
E02000208,4030,0.3260545905707196,0.49727047146401987,0.1684863523573201
E02000209,3610,0.41246537396121885,0.4714681440443213,0.10997229916897507
E02000210,4203,0.3590292648108494,0.5127290030930288,0.11991434689507495
E02000211,3951,0.6008605416350291,0.33940774487471526,0.05315110098709187
E02000212,3644,0.33095499451152577,0.4725576289791438,0.1849615806805708
E02000213,4097,0.24334879179887722,0.5557725164754699,0.1891628020502807
E02000214,3051,0.41461815798098983,0.47820386758439853,0.09636184857423795
E02000215,5476,0.22991234477720965,0.6192476260043828,0.1433528122717312
E02000216,3042,0.27120315581854043,0.6107823800131492,0.11045364891518737
E02000217,4816,0.29879568106312293,0.5157807308970099,0.1779485049833887
E02000218,2733,0.5078668130259788,0.429198682766191,0.0570801317233809
E02000219,3515,0.5499288762446657,0.3871977240398293,0.05519203413940256
E02000221,4220,0.4466824644549763,0.4144549763033175,0.13317535545023695
E02000222,4142,0.362143891839691,0.5236600676001931,0.10695316272332207
E02000223,2720,0.45330882352941176,0.46691176470588236,0.06911764705882353
E02000224,4005,0.40823970037453183,0.5113607990012484,0.07540574282147317
E02000225,3176,0.5525818639798489,0.36870277078085645,0.07052896725440806
E02000226,3587,0.5726233621410649,0.359632004460552,0.06467800390298299
E02000227,5635,0.6058562555456966,0.34676131322094056,0.04081632653061224
E02000228,3378,0.5574304322084074,0.38602723505032566,0.0497335701598579
E02000229,2344,0.5281569965870307,0.37073378839590443,0.09129692832764505
E02000230,4668,0.42052270779777207,0.50471293916024,0.0689802913453299
E02000231,3375,0.5718518518518518,0.37274074074074076,0.04859259259259259
E02000232,2735,0.6416819012797075,0.28884826325411334,0.06544789762340036
E02000233,2763,0.5063336952587767,0.4223669923995657,0.0647846543612016
E02000234,3748,0.5312166488794023,0.39327641408751335,0.06750266808964782
E02000235,3282,0.5700792199878123,0.3753808653260207,0.050578915295551495
E02000236,3708,0.6076051779935275,0.32227615965480044,0.06445523193096009
E02000237,3262,0.6422440220723482,0.2872470876762722,0.06407112201103618
E02006788,3337,0.384477075217261,0.5253221456397962,0.07791429427629608
E02000238,4570,0.4798687089715536,0.4461706783369803,0.06564551422319474
E02000239,4564,0.4502629272567923,0.48729184925503943,0.05718667835232252
E02000240,4271,0.46663544837274645,0.4656988995551393,0.05900257550924842
E02000241,3227,0.4735048032228076,0.4679268670591881,0.05422993492407809
E02000242,3211,0.4300840859545313,0.43911554033011524,0.12301463718467767
E02000243,3990,0.46967418546365913,0.4616541353383459,0.06290726817042606
E02000244,3586,0.43195761293920804,0.46820970440602344,0.09453430005577244
E02000245,3256,0.5082923832923832,0.4333538083538084,0.053132678132678135
E02000246,3390,0.5616519174041298,0.37964601769911505,0.053392330383480825
E02000247,4316,0.5157553290083411,0.4151992585727525,0.06325301204819277
E02000248,3617,0.33397843516726566,0.5482444014376555,0.1114183024606027
E02000249,3511,0.45827399601253205,0.4502990600968385,0.0848761036741669
E02000250,3009,0.38218677301429044,0.4928547690262546,0.11665004985044865
E02000251,3728,0.5407725321888412,0.3908261802575107,0.06142703862660944
E02000252,4758,0.25241698192517864,0.6105506515342581,0.13009667927700713
E02000253,3907,0.4184796519068339,0.4806757102636294,0.09035065267468646
E02000254,4028,0.548162859980139,0.3646971201588878,0.08192651439920556
E02000255,4163,0.3826567379293779,0.5078068700456402,0.10281047321643046
E02000256,4500,0.286,0.5877777777777777,0.11977777777777777
E02000258,3101,0.30054821025475653,0.5427281522089649,0.1489841986455982
E02000259,3165,0.4075829383886256,0.4717219589257504,0.11406003159557662
E02000260,3646,0.442128359846407,0.4303346132748217,0.1204059243006034
E02000261,5023,0.2663746764881545,0.5699781007366116,0.15369301214413697
E02000262,4446,0.258659469185785,0.5699505173189384,0.16261808367071526
E02000263,4694,0.4186195142735407,0.4382190029825309,0.13549211759693225
E02000264,4164,0.2889048991354467,0.595821325648415,0.10662824207492795
E02000265,5617,0.3063913120883034,0.5529642157735446,0.1340573259747196
E02000266,4450,0.4559550561797753,0.4148314606741573,0.12112359550561798
E02000267,3620,0.3488950276243094,0.5088397790055249,0.13674033149171272
E02000268,4701,0.30461603914060836,0.5643480110614763,0.12210168049351201
E02000269,4357,0.2841404636217581,0.5802157447785173,0.13151250860683958
E02000270,3296,0.25485436893203883,0.5891990291262136,0.1483616504854369
E02000271,3457,0.2779866936650275,0.5637836274226208,0.15041943881978595
E02000272,3406,0.3714034057545508,0.5073399882560188,0.11567821491485614
E02000275,2927,0.5394601981551076,0.341646737273659,0.11240177656303382
E02000276,3622,0.28934290447266703,0.5922142462727775,0.11209276642738818
E02006791,3702,0.2552674230145867,0.5737439222042139,0.1650459211237169
E02000277,3085,0.5925445705024311,0.31636952998379253,0.08687196110210697
E02000278,3178,0.5490874764002517,0.3464443045940843,0.09817495280050346
E02000279,4467,0.4989926124916051,0.41616297291246923,0.0725319006044325
E02000280,3871,0.5502454146215449,0.32885559287005944,0.1134073882717644
E02000281,3786,0.5858425779186477,0.3053354463814052,0.10301109350237718
E02000282,3201,0.5223367697594502,0.3761324586066854,0.09090909090909091
E02000283,3318,0.5913200723327305,0.3152501506931887,0.08559373116335142
E02000284,3955,0.4606826801517067,0.41213653603034134,0.12060682680151706
E02000285,3116,0.5962772785622593,0.27439024390243905,0.12291399229781771
E02000286,4043,0.4753895622062825,0.4135542913677962,0.10437793717536482
E02000287,2717,0.576002944423997,0.35443503864556497,0.05888847994111152
E02000288,4083,0.49008082292432037,0.39309331373989714,0.11168258633357825
E02000289,2856,0.5920868347338936,0.3483893557422969,0.04971988795518207
E02000290,2557,0.4470082127493156,0.43684004692999606,0.1087211576065702
E02000291,3994,0.45843765648472706,0.42864296444667,0.10590886329494241
E02000292,4327,0.5241506817656575,0.37092673908019413,0.09775826207534088
E02000293,2781,0.5749730312837109,0.3516720604099245,0.06760158216468896
E02000294,3428,0.5317969661610268,0.39148191365227536,0.06884480746791131
E02000295,3695,0.4952638700947226,0.44411366711772665,0.05331529093369418
E02000296,4352,0.40096507352941174,0.5243566176470589,0.06778492647058823
E02000297,4441,0.5958117541094348,0.3269533888763792,0.07183066876829543
E02000298,3803,0.48041020247173283,0.4554299237444123,0.057849066526426504
E02000299,3537,0.4444444444444444,0.4696070115917444,0.0791631325982471
E02000300,3267,0.4701561065197429,0.44934190388735845,0.07223752678298133
E02000301,3605,0.42968099861303743,0.4879334257975035,0.07434119278779473
E02000302,3630,0.531129476584022,0.4044077134986226,0.0559228650137741
E02000303,2833,0.46664313448641015,0.4405224144016943,0.08400988351570773
E02000304,3710,0.4797843665768194,0.4482479784366577,0.06576819407008086
E02000305,4392,0.38752276867030966,0.535063752276867,0.07285974499089254
E02000306,3022,0.35936465916611515,0.5410324288550629,0.08835208471211119
E02000307,4034,0.5126425384234011,0.421417947446703,0.05850272682201289
E02000308,3557,0.345797019960641,0.57211132977228,0.07450098397526005
E02000309,3923,0.3956156003058883,0.49477440734132044,0.09737445832271222
E02000311,4435,0.4399098083427283,0.48478015783540024,0.06899661781285231
E02000312,5518,0.3169626676332004,0.6047480971366437,0.07285248278361725
E02006793,3151,0.3874960330053951,0.48809901618533796,0.11583624246271025
E02000313,2701,0.3487597186227323,0.584598296927064,0.06293965198074787
E02000314,5385,0.33667595171773446,0.5949860724233983,0.05552460538532962
E02000315,3380,0.364792899408284,0.5692307692307692,0.05798816568047337
E02000317,2992,0.2840909090909091,0.6032754010695187,0.10461229946524064
E02000318,4218,0.27856804172593647,0.6439070649596965,0.07230915125651968
E02000319,4901,0.263007549479698,0.636604774535809,0.08671699653132015
E02000320,2876,0.3911682892906815,0.5476356050069541,0.05458970792767733
E02000321,2950,0.28711864406779664,0.6016949152542372,0.10305084745762712
E02000323,4249,0.2687691221463874,0.6297952459402212,0.09202165215344787
E02000324,2949,0.3082400813835198,0.58833502882333,0.09901661580196677
E02000326,3478,0.2584818861414606,0.6279470960322024,0.10580793559516964
E02000327,2613,0.25832376578645233,0.5105243015690777,0.21660926138538078
E02000328,3216,0.2142412935323383,0.6607587064676617,0.1134950248756219
E02000329,2775,0.4735135135135135,0.43963963963963965,0.08
E02000331,3520,0.3536931818181818,0.5457386363636364,0.09488636363636363
E02000332,3378,0.44701006512729424,0.46684428656009475,0.07963291888691533
E02000333,3265,0.2431852986217458,0.6324655436447167,0.11914241960183768
E02000334,2899,0.46602276647119695,0.4449810279406692,0.08313211452224906
E02000335,3209,0.48363976316609536,0.4160174509192895,0.09348706762231225
E02000337,3430,0.4335276967930029,0.4690962099125364,0.09329446064139942
E02000339,2752,0.4171511627906977,0.48655523255813954,0.09084302325581395
E02000340,2899,0.433597792342187,0.48120041393583995,0.07830286305622629
E02000341,3031,0.46222368855163315,0.44770702738370177,0.08742989112504124
E02000342,2592,0.41898148148148145,0.49189814814814814,0.08179012345679013
E02000343,2853,0.4868559411146162,0.4440939362075009,0.061689449702068
E02000344,3040,0.4980263157894737,0.43782894736842104,0.05789473684210526
E02006786,2931,0.43500511770726713,0.49129989764585463,0.06891845786421016
E02006927,3473,0.3521451194932335,0.5502447451770803,0.0901238122660524
E02006928,3473,0.14598329974085805,0.7112006910452059,0.13273826662827526
E02006930,3696,0.17721861471861472,0.6831709956709957,0.12987012987012986
E02006931,4741,0.16135836321451172,0.7015397595444,0.12296983758700696
E02000433,3118,0.5580500320718409,0.38293778062860806,0.05131494547787043
E02000434,3773,0.48184468592631857,0.433077126954678,0.0776570368407103
E02000435,3062,0.5898105813193991,0.34585238406270413,0.05519268451992162
E02000436,2570,0.6163424124513619,0.33657587548638135,0.035408560311284046
E02000437,3721,0.5600644987906477,0.3636119322762698,0.06906745498521903
E02000438,3289,0.5408938887199757,0.3885679537853451,0.06658558832471875
E02000439,3747,0.45423005070723244,0.46890846010141446,0.07259140645850014
E02000440,4401,0.5832765280618042,0.36332651670074984,0.0488525335151102
E02000441,2835,0.5252204585537918,0.41728395061728396,0.050793650793650794
E02000442,4052,0.4600197433366239,0.47013820335636725,0.06416584402764067
E02000443,4024,0.4540258449304175,0.4356361829025845,0.10561630218687873
E02000444,3840,0.5236979166666667,0.41484375,0.05651041666666667
E02000445,4557,0.4270353302611367,0.46587667324994514,0.10357691463682248
E02000447,3232,0.5476485148514851,0.37376237623762376,0.07363861386138613
E02000448,2905,0.4736660929432014,0.4388984509466437,0.08227194492254733
E02000449,3791,0.4806119757319968,0.4471115800580322,0.06594566077552097
E02000451,3023,0.5011577902745616,0.4263976182600066,0.06715183592457824
E02000452,4231,0.3089104230678327,0.5360434885369889,0.15197352871661546
E02000453,3698,0.3942671714440238,0.49864791779340184,0.10086533261222283
E02000454,3198,0.555972482801751,0.38555347091932457,0.05315822388993121
E02000455,3960,0.3095959595959596,0.5643939393939394,0.11893939393939394
E02000456,3385,0.3929098966026588,0.49748892171344167,0.10487444608567208
E02000457,2797,0.4755094744368967,0.4444047193421523,0.0736503396496246
E02000459,3637,0.419851525982953,0.4976629089909266,0.0758867198240308
E02000460,2690,0.475092936802974,0.4524163568773234,0.06765799256505577
E02000461,3165,0.3990521327014218,0.4597156398104265,0.13459715639810427
E02000462,2946,0.4511201629327902,0.4742023082145282,0.07196198234894773
E02000463,3629,0.5569027280242491,0.37420777073573985,0.06392945715073023
E02006795,3756,0.4818956336528222,0.4512779552715655,0.06309904153354633
E02006882,6825,0.5185347985347986,0.40703296703296704,0.0693040293040293
E02000464,2552,0.6206896551724138,0.304858934169279,0.06896551724137931
E02000465,3341,0.5797665369649806,0.35228973361269084,0.06465130200538761
E02000466,3536,0.6501696832579186,0.29581447963800905,0.04949095022624434
E02000467,3781,0.5548796614652208,0.34276646389843957,0.0949484263422375
E02000468,3441,0.6509735541993606,0.2882882882882883,0.05666957279860506
E02000469,2605,0.5969289827255279,0.3213051823416507,0.07485604606525911
E02000470,3741,0.5466452820101577,0.3878642074311681,0.0590751136059877
E02000471,3400,0.6379411764705882,0.29,0.06647058823529411
E02000472,4297,0.6092622760065162,0.30882010705143126,0.07796136839655574
E02000473,4664,0.5810463121783876,0.35698970840480276,0.05381646655231561
E02000474,3814,0.5634504457262717,0.3350812794965915,0.09727320398531725
E02000475,4450,0.4966292134831461,0.43595505617977526,0.06337078651685393
E02000476,4048,0.3836462450592885,0.4654150197628458,0.14402173913043478
E02000477,4602,0.5471534115601913,0.3748370273794003,0.07149065623641895
E02000478,2589,0.656624179219776,0.30281962147547314,0.03205870992661259
E02000479,4139,0.44986711766127085,0.40589514375453006,0.1381976322783281
E02000480,4675,0.49711229946524066,0.3522994652406417,0.14502673796791443
E02000481,3416,0.5641100702576113,0.3720725995316159,0.05942622950819672
E02000482,2764,0.4703328509406657,0.4554992764109986,0.06982633863965268
E02000483,3582,0.5231714126186487,0.3821887213847013,0.08375209380234507
E02000484,4154,0.581126624939817,0.3331728454501685,0.07944150216658642
E02000485,3797,0.48143271003423754,0.45088227548064264,0.06347116144324466
E02000486,3631,0.49848526576700636,0.43569264665381435,0.05811071330212063
E02000487,3497,0.5253074063482985,0.39977123248498714,0.0694881326851587
E02000488,3649,0.5212386955330227,0.40942724033981914,0.06303096738832557
E02000489,3648,0.5131578947368421,0.4309210526315789,0.0512609649122807
E02000490,3501,0.5912596401028277,0.3567552127963439,0.04798628963153385
E02000491,3759,0.6193136472466081,0.3160415003990423,0.05826017557861133
E02000492,2904,0.65599173553719,0.29235537190082644,0.040633608815427
E02000493,2831,0.5665842458495232,0.3535853055457436,0.07417873542917697
E02000494,3201,0.5610746641674477,0.3620743517650734,0.0696657294595439
E02000495,4451,0.5171871489552909,0.4010334756234554,0.07638732869018199
E02000496,3501,0.7277920594115966,0.1419594401599543,0.12710654098828905
E02000497,3955,0.5868520859671302,0.34892541087231355,0.06017699115044248
E02000498,2833,0.69219908224497,0.23826332509707024,0.06600776561948464
E02000499,3637,0.5578773714599945,0.3750343689854275,0.061864173769590323
E02000500,3756,0.5905218317358892,0.3314696485623003,0.0742811501597444
E02000501,4041,0.597129423410047,0.3323434793367978,0.06582529076961148
E02000502,3878,0.553378029912326,0.3641052088705518,0.0776173285198556
E02000503,4912,0.560871335504886,0.30130293159609123,0.13029315960912052
E02000504,3378,0.6791000592066312,0.2516281823564239,0.06631142687981054
E02000506,3510,0.6908831908831908,0.2284900284900285,0.07521367521367521
E02000507,3879,0.6921887084300077,0.23536994070636763,0.06831657643722609
E02000508,3920,0.5104591836734694,0.3051020408163265,0.17627551020408164
E02000509,4028,0.4726911618669315,0.3105759682224429,0.21251241310824232
E02000510,4032,0.6272321428571429,0.23883928571428573,0.1277281746031746
E02000511,4395,0.6998862343572241,0.2366325369738339,0.05915813424345848
E02000512,3484,0.6280137772675086,0.27956371986222733,0.08668197474167623
E02000513,3687,0.6183889340927583,0.31353403851369677,0.059669107675617034
E02000514,4337,0.6130966105602952,0.3207286142494812,0.060410421950657135
E02000515,4919,0.5944297621467778,0.26997357186420007,0.13092091888595242
E02000516,3717,0.6550981974710788,0.2781813290287867,0.06295399515738499
E02000517,3592,0.6055122494432071,0.32043429844098,0.06625835189309577
E02000518,3805,0.6220762155059133,0.24862023653088042,0.12089356110381078
E02000519,3599,0.5746040566824118,0.3403723256460128,0.07891080855793275
E02000520,4733,0.5375026410310585,0.3693217832241707,0.08873864356644834
E02000521,4239,0.6206652512384997,0.3057324840764331,0.06817645671148856
E02000522,3881,0.5985570729193507,0.30121102808554495,0.09739757794382892
E02000523,4296,0.555633147113594,0.3754655493482309,0.06261638733705772
E02000524,3334,0.5407918416316737,0.34823035392921414,0.10257948410317937
E02000525,4108,0.47687439143135346,0.44839337877312563,0.06986368062317429
E02006796,4131,0.5807310578552408,0.3493100944081336,0.06778019849915275
E02000526,4252,0.24835371589840075,0.5672624647224835,0.17615239887111947
E02000529,3715,0.5921938088829072,0.3388963660834455,0.06379542395693136
E02000530,2512,0.5581210191082803,0.3765923566878981,0.05732484076433121
E02000531,5229,0.3713903231975521,0.4673933830560337,0.15375788869764773
E02000532,4308,0.33240482822655526,0.4788765088207985,0.1775766016713092
E02000533,4257,0.33450786939159033,0.48414376321353064,0.1717171717171717
E02000534,4167,0.5003599712023038,0.3839692824574034,0.10727141828653708
E02000535,4323,0.5732130464954892,0.3652556095304187,0.05597964376590331
E02000536,4207,0.5134299976230092,0.39767054908485855,0.080342286665082
E02000537,4383,0.3817020305726671,0.5347935204198038,0.07939767282683094
E02000538,4004,0.5202297702297702,0.3918581418581419,0.08316683316683317
E02000539,5404,0.4241302738712065,0.4228349370836417,0.14489267209474463
E02000540,4520,0.35929203539823007,0.5141592920353982,0.11902654867256637
E02000541,4028,0.4073982125124131,0.5039721946375373,0.0814299900695134
E02000542,4410,0.3621315192743764,0.5446712018140589,0.08707482993197278
E02000543,6013,0.3198070846499252,0.5799101945784134,0.09645767503741892
E02000544,4035,0.535811648079306,0.3509293680297398,0.10830235439900868
E02000545,3762,0.46331738437001596,0.36709197235513025,0.1608187134502924
E02000546,4471,0.46723328114515766,0.4276448221874301,0.09908297919928427
E02000547,4530,0.5750551876379691,0.32494481236203093,0.09668874172185431
E02000548,4294,0.6115510013972986,0.2827200745225897,0.09967396367023754
E02000549,5253,0.5766228821625737,0.31677136874167144,0.10089472682276794
E02000550,4904,0.5059135399673735,0.37887438825448616,0.11276508972267536
E02000551,3640,0.5527472527472528,0.33379120879120877,0.10631868131868132
E02000552,4241,0.6500825277057298,0.2596085828813959,0.08559302051402971
E02000553,3107,0.6607660122304474,0.2491149018345671,0.08722240102993241
E02006792,4616,0.2549826689774697,0.5732235701906413,0.16226169844020796
E02000598,3561,0.47907891041842177,0.34484695310306096,0.16961527660769446
E02000599,2775,0.5045045045045045,0.3881081081081081,0.09657657657657658
E02000600,3849,0.3341127565601455,0.46141855027279816,0.19381657573395686
E02000601,5084,0.3332022029897718,0.44413847364280096,0.2147915027537372
E02000602,4436,0.31875563570784493,0.4066726780883679,0.2673579801623084
E02000603,3517,0.4455501848166051,0.3591128802957066,0.18908160363946544
E02000604,4070,0.36683046683046683,0.47616707616707615,0.14987714987714987
E02000605,3622,0.44229707344008834,0.4108227498619547,0.14191054665930425
E02000606,5407,0.3003513963380803,0.48603661919733676,0.20787867579064176
E02000607,3191,0.39329363835788156,0.40269507991225323,0.19899717956753368
E02000608,3832,0.28575156576200417,0.5602818371607515,0.1440501043841336
E02000609,3174,0.5652173913043478,0.333648393194707,0.0945179584120983
E02000610,3952,0.33628542510121456,0.5098684210526315,0.14726720647773278
E02000611,3381,0.5726116533569949,0.3070097604259095,0.11535048802129548
E02000612,3849,0.534684333593141,0.3798389191997922,0.08080020784619382
E02000613,3894,0.44992295839753466,0.42321520287621983,0.12121212121212122
E02000614,4136,0.5367504835589942,0.32519342359767894,0.13418762088974856
E02000615,3760,0.6276595744680851,0.26090425531914896,0.1077127659574468
E02000616,3218,0.6842759477936606,0.23523927905531386,0.07862026103169671
E02000617,4093,0.6418275103835818,0.2606889811873931,0.09406303444905936
E02000689,4357,0.22951572182694516,0.6458572412210236,0.11613495524443425
E02000690,2102,0.3558515699333968,0.510941960038059,0.12226450999048526
E02000691,4107,0.19211102994886778,0.6664231799366934,0.13367421475529584
E02000692,4031,0.1917638303150583,0.6926321012155793,0.10568097246340859
E02000693,5719,0.20178352858891416,0.6529113481377863,0.1400594509529638
E02000694,5079,0.19098247686552472,0.669620003937783,0.1340815121086828
E02000695,4103,0.34340726297830854,0.558371922983183,0.09285888374360224
E02000696,4269,0.27898805340829236,0.5970953384867651,0.11712344811431248
E02000697,5019,0.16955568838414026,0.7146842000398486,0.11077903964933254
E02000698,3593,0.33426106317840243,0.5580295018090732,0.09935986640690231
E02000699,4300,0.24372093023255814,0.631860465116279,0.11837209302325581
E02000700,4167,0.28053755699544036,0.5766738660907127,0.1384689224862011
E02000701,3848,0.3627858627858628,0.5233887733887734,0.10628898128898129
E02000702,3472,0.39544930875576034,0.5074884792626728,0.09158986175115208
E02000703,3687,0.3398426905343097,0.5231895850284785,0.12828858150257663
E02000704,4274,0.30299485259709874,0.5825924192793636,0.1085634066448292
E02000705,3830,0.4336814621409922,0.49634464751958224,0.06370757180156658
E02000706,3700,0.32432432432432434,0.5391891891891892,0.1291891891891892
E02000707,3191,0.4359135067376998,0.4891883422124726,0.07239109996866186
E02000708,4075,0.40588957055214725,0.4878527607361963,0.09987730061349694
E02000709,3744,0.4893162393162393,0.40571581196581197,0.10069444444444445
E02000710,3679,0.41288393585213373,0.49361239467246537,0.08589290568089154
E02000711,3710,0.3630727762803235,0.5140161725067386,0.11590296495956873
E02000712,3917,0.45519530252744445,0.4375797804442175,0.1023742660199132
E02000713,3832,0.5668058455114823,0.34786012526096033,0.08011482254697286
E02000751,4803,0.45742244430564233,0.4567978346866542,0.0776597959608578
E02000752,2725,0.5115596330275229,0.41577981651376145,0.06642201834862385
E02000753,2556,0.49295774647887325,0.4448356807511737,0.05712050078247261
E02000754,3118,0.43649775497113535,0.4974342527261065,0.05965362411802438
E02000755,2478,0.5403551251008878,0.3983050847457627,0.05690072639225181
E02000756,5807,0.5148958153952127,0.4284484243154813,0.05062855174789048
E02000757,6195,0.38240516545601294,0.5343018563357547,0.07828894269572235
E02000758,2468,0.5850891410048622,0.35777957860615883,0.051053484602917344
E02000759,5807,0.41880489064921644,0.49784742552092304,0.0776648872050973
E02000760,2855,0.5015761821366025,0.4220665499124343,0.06654991243432574
E02000762,2746,0.4726875455207575,0.4675892206846322,0.054260742898761836
E02000763,2984,0.4477211796246649,0.48927613941018766,0.0539544235924933
E02000764,6077,0.3498436728649004,0.5764357413197301,0.06730294553233504
E02000765,2702,0.4030347890451517,0.5281273131014064,0.06550703182827536
E02000767,3267,0.418732782369146,0.5016835016835017,0.0707070707070707
E02000768,2766,0.4078091106290672,0.5090383224873464,0.0770065075921909
E02000770,3084,0.41342412451361865,0.5022697795071336,0.07587548638132295
E02000772,3131,0.40242733950814435,0.49473011817310764,0.09358032577451293
E02000773,3749,0.41371032275273406,0.4982662043211523,0.08322219258468926
E02000774,2848,0.41081460674157305,0.5038623595505618,0.07478932584269662
E02000776,2564,0.37285491419656785,0.5089703588143526,0.11427457098283932
E02000777,2774,0.4426820475847152,0.4747656813266042,0.07714491708723864
E02000779,3081,0.3184031158714703,0.5767607919506653,0.09477442388834793
E02000781,5481,0.4880496259806605,0.4475460682357234,0.05765371282612662
E02000782,3179,0.3217993079584775,0.5718779490405788,0.09657124882038377
E02000783,2347,0.3787814230933106,0.5236472092032382,0.09118023008095441
E02006800,5319,0.3933070125963527,0.519270539575108,0.08121827411167512
E02006924,5259,0.4432401597261837,0.4810800532420612,0.06959498003422704
E02006925,5632,0.5193536931818182,0.4208096590909091,0.05379971590909091
E02000784,4490,0.26971046770601337,0.5311804008908686,0.1888641425389755
E02000785,4687,0.2856838062726691,0.5540857691487092,0.1476424151909537
E02000786,5444,0.2624908155767818,0.5573108008817046,0.17487141807494488
E02000787,5417,0.3239800627653683,0.5102455233524091,0.15746723278567473
E02000788,4248,0.3083804143126177,0.4957627118644068,0.1885593220338983
E02000789,3012,0.28087649402390436,0.5849933598937583,0.1254980079681275
E02000790,3188,0.3368883312421581,0.5087829360100377,0.14868255959849436
E02000791,3071,0.2416151090849886,0.5936177140996418,0.1520677303809834
E02000792,3502,0.3446601941747573,0.5062821245002855,0.13478012564249
E02000793,3865,0.5102199223803363,0.3373868046571798,0.14385510996119016
E02000794,3367,0.40867240867240867,0.4244134244134244,0.16305316305316306
E02000795,2623,0.41174227983225314,0.40068623713305374,0.16965306900495616
E02000796,4673,0.5792852557243741,0.3194949711106356,0.09522790498609031
E02000797,4067,0.3230882714531596,0.5045488074747971,0.16547823948856652
E02000798,5305,0.482186616399623,0.36644674835061264,0.14458058435438265
E02000799,3089,0.40660407898996437,0.4049854321786986,0.18064098413726126
E02000800,2320,0.4375,0.36982758620689654,0.17758620689655172
E02000801,3401,0.41281975889444283,0.3892972655101441,0.19317847691855336
E02000802,3255,0.48540706605222733,0.3443932411674347,0.1640552995391705
E02000803,4382,0.6093108169785486,0.26700136923779094,0.12026471930625285
E02000804,3587,0.383328686925007,0.441594647337608,0.16810705324783942
E02000805,4629,0.40354288183192916,0.4052711168718946,0.1836249729963275
E02000806,4712,0.5125212224108658,0.3355263157894737,0.14579796264855688
E02000840,3624,0.5339403973509934,0.36258278145695366,0.09740618101545254
E02000841,3959,0.52386966405658,0.3293761050770397,0.13816620358676435
E02000842,3884,0.610453141091658,0.28321318228630277,0.09912461380020597
E02000843,4034,0.5037183936539414,0.3921665840356966,0.09890927119484383
E02000844,3795,0.5770750988142292,0.3209486166007905,0.09828722002635046
E02000845,4619,0.4996752543840658,0.4020350725265209,0.09331024031175579
E02000846,3375,0.5623703703703704,0.3078518518518519,0.12385185185185185
E02000847,4290,0.6004662004662005,0.30699300699300697,0.08741258741258741
E02000848,4001,0.6365908522869282,0.25943514121469635,0.09847538115471133
E02000849,3752,0.5477078891257996,0.35554371002132196,0.08981876332622601
E02000850,5210,0.590978886756238,0.3036468330134357,0.09942418426103647
E02000851,4160,0.4377403846153846,0.4060096153846154,0.15120192307692307
E02000852,3970,0.52544080604534,0.3327455919395466,0.13677581863979849
E02000853,3903,0.5318985395849347,0.33692031770433,0.12605687932359724
E02000854,3600,0.5011111111111111,0.37444444444444447,0.11666666666666667
E02000855,3739,0.5589729874297941,0.32816261032361593,0.10831773201390746
E02000856,4217,0.5515769504387005,0.35285748162200614,0.09105999525729191
E02000857,4194,0.4008106819265618,0.466618979494516,0.12589413447782546
E02000858,3214,0.5594275046670815,0.33976353453640323,0.09614187927815805
E02000859,3737,0.5662295959325663,0.35081616269735083,0.07894032646507894
E02000860,3820,0.437696335078534,0.43900523560209426,0.11910994764397906
E02000861,3564,0.5729517396184063,0.3265993265993266,0.09118967452300786
E02000863,2942,0.6549966009517335,0.2807613868116927,0.05778382053025153
E02000895,3220,0.6090062111801242,0.3267080745341615,0.0577639751552795
E02000896,4114,0.4992707826932426,0.4202722411278561,0.07267865824015557
E02000897,3419,0.5384615384615384,0.3790582041532612,0.07253582918982159
E02000898,3404,0.5737367802585194,0.3537015276145711,0.06698002350176263
E02000899,3704,0.5672246220302376,0.35016198704103674,0.07235421166306695
E02000900,3493,0.5207557973089035,0.3718866304036645,0.10077297452046952
E02000901,4572,0.4862204724409449,0.4140419947506562,0.09492563429571303
E02000902,3635,0.45859697386519943,0.437414030261348,0.09766162310866575
E02000903,3486,0.35800344234079173,0.5458978772231784,0.09036144578313253
E02000904,3792,0.3939873417721519,0.5005274261603375,0.09941983122362869
E02000905,4326,0.30952380952380953,0.5679611650485437,0.11881645862228386
E02000906,4223,0.24603362538479753,0.6320151551030073,0.11626805588444233
E02000907,3723,0.2640343808756379,0.6062315337093742,0.12113886650550632
E02000908,5320,0.23778195488721804,0.6721804511278195,0.08421052631578947
E02000909,4224,0.2791193181818182,0.5809659090909091,0.13162878787878787
E02000910,5140,0.21439688715953306,0.6688715953307393,0.10933852140077821
E02000911,5108,0.2157400156617071,0.6673844949099452,0.11296006264682851
E02000912,3862,0.2933713102019679,0.5836354220611082,0.11755567063697565
E02000913,3862,0.2988089073019161,0.5567063697566028,0.1390471258415329
E02000914,4298,0.2440670079106561,0.6219171707771056,0.12726849697533738
E02000915,4300,0.2583720930232558,0.6490697674418605,0.08488372093023255
E02000916,4172,0.27037392138063276,0.6013902205177373,0.12200383509108341
E02000917,4438,0.23862100045065346,0.6557007661108607,0.09869310500225327
E02000918,4473,0.24346076458752516,0.6561591772859379,0.09568522244578583
E02000919,4674,0.22721437740693196,0.6775780915703894,0.08707744972186564
E02000920,4340,0.2403225806451613,0.6665898617511521,0.08847926267281106
E02000921,4726,0.2280998730427423,0.681125687685146,0.08527295810410496
E02000922,4888,0.2602291325695581,0.6432078559738135,0.09185761047463176
